longitude,latitude
139.7677,35.6427
-104.9847,39.7392
135.52,34.6864
139.7172,35.5206
135.52,34.6864
139.69,35.69
135.9667,35.0167
135.5333,34.75
135.5333,34.75
153.0547,-26.7179
-74.0386,40.7291
-77.6843,43.286
-121.561,38.6961
139.69,35.69
135.7556,35.0214
-0.1,51.55
136.7167,35.1667
139.69,35.69
141.3,38.4167
139.7677,35.6427
-157.8389,21.3209
-118.3884,33.8492
-111.6332,40.4647
139.69,35.69
139.7677,35.6427
-117.8973,34.0249
-84.318,33.9432
134.0433,34.3403
-106.6511,35.0845
139.7677,35.6427
132.45,34.4
139.7677,35.6427
135.7556,35.0214
-73.5568,40.7225
-74.2111,40.7104
-77.2497,38.6582
-122.6307,48.8645
-81.3466,39.4411
139.69,35.69
132.4594,34.3963
139.9,35.7833
144.9544,-37.8103
-96.8915,32.9478
139.7677,35.6427
139.69,35.69
-87.6517,41.8483
-97.822,37.751
-97.3738,30.5852
139.7677,35.6427
135.7556,35.0214
135.4667,34.5833
115.4072,-33.7296
-2.9833,51.5833
139.7677,35.6427
144.9833,-37.8333
139.69,35.69
139.7677,35.6427
-97.822,37.751
-80.1702,40.2713
-77.113,38.8747
135.7556,35.0214
-91.5133,41.6695
139.9247,35.7197
132.85,34.8
144.9544,-37.8103
-92.5218,43.9621
-95.8302,29.7397
-73.8783,40.7354
135.52,34.6864
-77.4807,40.0458
139.5522,35.6556
139.7677,35.6427
-120.4102,34.821
-82.0176,41.4969
139.7677,35.6427
139.7677,35.6427
77.2,28.6
139.69,35.69
139.69,35.69
130.8333,33.8333
139.7677,35.6427
139.69,35.69
136.8667,35.3333
-119.7696,34.4386
-118.4298,34.0355
153.0215,-27.4732
139.69,35.69
-93.2793,44.8784
139.69,35.69
139.69,35.69
139.69,35.69
-86.2539,32.404
-81.3792,28.5383
-106.5178,35.0995
132.4594,34.3963
139.69,35.69
139.69,35.69
133.935,34.6617
135.52,34.6864
144.9544,-37.8103
-119.2267,34.2863
151.0833,-33.9667
-77.4728,39.0481
-78.3662,40.5172
-95.6972,29.9691
-110.95,32.2476
-110.8309,32.299
133.2,34.4167
-112.1646,33.4936
-96.7913,43.6746
-74.3871,41.0849
-87.6272,41.8801
-97.822,37.751
-1.1667,52.9667
-80.0248,40.4344
-91.6064,43.9848
139.0608,36.3911
144.9544,-37.8103
153.0188,-27.4891
135.52,34.6864
135.52,34.6864
139.0167,36.3333
139.7677,35.6427
136.0167,35.05
-80.2553,40.1582
-97.7373,30.176
-97.822,37.751
133.935,34.6617
139.7536,35.9764
-119.3809,36.4063
-90.4954,41.8389
145.2833,-37.8
-77.0969,38.8865
-69.7567,44.4051
-81.326,41.1352
-73.8185,40.7946
-98.5,39.76
-0.1224,51.4964
139.69,35.69
139.3833,36.1333
139.9824,36.316
140.1167,36.0833
-122.0117,37.9137
-3,53.4167
-119.8005,34.454
151.2002,-33.8591
-0.0955,51.5092
139.7677,35.6427
-73.9339,40.6485
133.935,34.6617
-0.0955,51.5092
-110.3607,31.5273
139.69,35.69
130.5581,31.5602
138.3831,34.9769
-97.822,37.751
139.69,35.69
0.1299,51.5758
149.0888,-35.3998
-115.183,36.1443
-117.0431,34.0336
-74.046,41.1163
139.7677,35.6427
-73.9301,40.7721
-76.0192,36.9205
139.7677,35.6427
138.6723,-34.8516
-91.0432,41.4245
139.7677,35.6427
-77.6843,43.286
139.3544,35.5531
139.7677,35.6427
139.69,35.69
135.7556,35.0214
-105.1144,39.8938
-71.2231,42.0166
-122.3284,47.6026
-122.1206,47.6801
-122.4959,45.4677
-112.2725,33.4223
139.69,35.69
-77.3375,38.8357
135.7556,35.0214
130.4181,33.6064
0.6833,51.7167
139.69,35.69
-1.4068,53.3485
-80.1702,40.2713
-3,53.4167
131.3667,31.6
-85.5602,42.2694
135.52,34.6864
-106.6406,35.0757
-80.1702,40.2713
-1.5833,53.8
151.1982,-33.8612
135.4167,34.7667
-0.0955,51.5092
-73.7562,42.6526
-80.6748,35.4198
-77.2086,39.0182
-77.049,38.8932
-120.4102,34.821
-0.7721,0.38
-95.9658,41.295
-120.4102,34.821
-119.7072,34.4194
150.8238,-33.7458
139.69,35.69
139.7677,35.6427
144.8,-37.7333
-2.9833,51.5833
-74.2111,40.7104
-87.6517,41.8483
151.2588,-33.9121
-80.1702,40.2713
144.9544,-37.8103
72.9,20.9667
137.4,36.8
127.6811,26.2125
139.7677,35.6427
127.6811,26.2125
139.7677,35.6427
139.7677,35.6427
141.3469,43.0642
143.2104,-33.494
-97.822,37.751
-0.3714,53.8011
149.0965,-35.1873
153.0751,-27.4616
138.5667,-35.0333
115.7368,-31.779
144.9634,-37.8139
150.7598,-34.0529
145.0694,-37.8421
151.7167,-32.9333
151.194,-33.8698
143.4667,-36.6167
149.0119,-35.2244
138.5986,-34.9287
144.9634,-37.8139
151.2055,-33.8615
152.947,-27.4138
143.2104,-33.494
151.1982,-33.8612
153.0318,-27.4571
149.0833,-35.2167
151.9086,-31.9758
149.1344,-35.276
150.8667,-33.6833
144.9544,-37.8103
151.6712,-30.5083
151.1,-33.9667
151.1668,-33.8157
151.0339,-33.872
-88.2615,41.759
151.2002,-33.8591
151.2055,-33.8615
151.1982,-33.8612
143.4667,-36.6167
153.0678,-30.3398
145.3,-37.7833
151.2055,-33.8615
151.2333,-33.95
151.2055,-33.8615
149.1071,-35.4404
151.2953,-33.6886
152.9,-27.5
151.2055,-33.8615
143.2104,-33.494
145.1167,-37.9667
151.2025,-33.8699
149.0833,-35.2167
115.9356,-32.1108
151.2046,-33.842
-87.6517,41.8483
145.0205,-37.8554
145.0205,-37.8554
152.9089,-31.4308
144.7611,-37.6798
153.0159,-27.3838
151.2667,-33.8917
149.0804,-35.2582
150.8737,-33.7615
149.0341,-35.2002
150.8816,-33.7893
144.3581,-38.1535
151.2055,-33.8615
151.02,-33.9049
143.2104,-33.494
143.2104,-33.494
149.5813,-33.4174
147.3537,-35.1258
151.1833,-33.8548
144.9634,-37.8139
144.9544,-37.8103
143.2104,-33.494
150.8833,-34.45
143.2104,-33.494
151.2002,-33.8591
140.5667,-34.2333
143.2104,-33.494
149.0621,-35.353
151.0333,-28.8
152.947,-27.4138
151.7167,-32.9333
151.7654,-32.9413
151.2055,-33.8615
151.1975,-33.8867
150.9995,-33.879
138.5986,-34.9287
149.1183,-35.2777
149.2101,-35.3422
151.4871,-33.108
143.2104,-33.494
151.1982,-33.8612
149.0776,-35.3246
151.2333,-33.6833
151.2193,-33.8794
143.2104,-33.494
143.2104,-33.494
138.5833,-34.9333
151.0799,-33.881
151.2333,-33.95
151.2002,-33.8591
-118.3575,34.0293
151.1464,-33.7131
151.2055,-33.8615
151.2055,-33.8615
152.9766,-27.4155
153.0004,-27.4982
145.0205,-37.8554
138.6333,-34.8333
153.0004,-27.4982
151.2055,-33.8615
143.2104,-33.494
151.3012,-33.732
151.2417,-33.9167
151.3,-33.7333
149.1183,-35.2777
151.0078,-33.8229
151.1982,-33.8612
150.8667,-34
151.1028,-33.9125
151.1982,-33.8612
151.2193,-33.8794
144.9544,-37.8103
-97.7073,30.384
151.1764,-33.8897
144.9544,-37.8103
151.2167,-33.7333
151.0714,-33.7118
150.9333,-33.85
152.9491,-27.1088
151.0833,-33.8667
149.0947,-35.167
144.9667,-37.7667
145.1667,-37.9667
145.05,-37.95
149.0689,-35.2119
151.2002,-33.8591
151.2002,-33.8591
143.2104,-33.494
150.6,-33.75
138.5986,-34.9287
149.1344,-35.276
143.2104,-33.494
143.2104,-33.494
143.2104,-33.494
149.0636,-35.2513
143.2104,-33.494
151.1982,-33.8612
151.2055,-33.8615
151.1032,-33.8972
153.099,-27.5393
151.1982,-33.8612
153.0582,-27.4189
144.9544,-37.8103
144.9544,-37.8103
151.1982,-33.8612
151.7167,-32.9333
151.1333,-33.8333
151.1982,-33.8612
138.8716,-35.1327
144.8333,-37.7667
144.9633,-37.814
144.9544,-37.8103
149.1412,-35.3049
149.0341,-35.2002
151.5673,-26.5796
143.2104,-33.494
153.0215,-27.4732
151.1,-33.8667
151.1,-33.8667
153.0833,-27.5333
144.3581,-38.1535
143.8626,-37.5627
151.2002,-33.8591
147.3537,-35.1258
144.9633,-37.814
144.7587,-37.8809
151.7654,-32.9413
150.6297,-35.1026
151.2859,-33.389
-3.1047,51.0211
151.1833,-33.8
150.96,-33.71
152.1667,-24.7333
151.2055,-33.8615
151.2041,-33.8928
143.2104,-33.494
151.1764,-33.8897
-2.3241,51.3934
151.1764,-33.8897
143.2104,-33.494
150.7,-33.75
151.2072,-33.8406
141.7833,-37.6167
151.2368,-33.8878
151.2,-33.8833
144.3428,-38.1748
151.0818,-33.7727
151.1,-33.8667
151.3,-33.7333
143.2104,-33.494
144.9634,-37.8139
151.2008,-33.817
151.2002,-33.8591
143.2104,-33.494
146.1581,-32.2124
151.2268,-33.8344
153.0215,-27.4732
153.0004,-27.4982
153.1833,-27.5167
151.7654,-32.9413
151.7654,-32.9413
150.8309,-34.7368
151.1982,-33.8612
151.1833,-33.8548
153.1,-27.5833
143.2104,-33.494
151.2008,-33.817
145.1254,-37.8189
151.2002,-33.8591
143.2104,-33.494
151.2055,-33.8615
-111.8555,40.7079
151.0078,-33.8229
149.0965,-35.1873
153.0215,-27.4732
143.2104,-33.494
151.2025,-33.8699
143.2104,-33.494
151.2333,-33.8833
149.1344,-35.276
150.9333,-33.7833
143.2104,-33.494
150.96,-33.71
150.8737,-33.7615
149.1344,-35.276
115.899,-31.8733
149.1344,-35.276
151.2002,-33.8591
150.8833,-34.45
144.9544,-37.8103
151.1982,-33.8612
149.1344,-35.276
-2.0667,53.4833
151.1982,-33.8612
144.9634,-37.8139
144.9633,-37.814
143.2104,-33.494
153.0335,-27.4227
151.1982,-33.8612
151.6712,-30.5083
143.2104,-33.494
151.2002,-33.8591
143.2104,-33.494
151.7333,-32.9
150.9994,-33.879
151.1057,-33.7778
143.2104,-33.494
145.0833,-37.8333
153.031,-27.3171
151.1,-33.8667
115.8614,-31.9522
138.5986,-34.9287
143.2104,-33.494
151.1705,-33.8614
151.1001,-34.0386
151.2002,-33.8591
143.2104,-33.494
150.6782,-34.0329
151.18,-33.8814
151,-33.8167
143.2104,-33.494
150.9047,-33.9029
151.691,-32.8788
151.0732,-33.9332
145.0229,-37.8825
143.2104,-33.494
143.2104,-33.494
152.9089,-31.4308
145.2333,-37.9333
151.7654,-32.9413
149.1492,-35.3357
151.2002,-33.8591
149.85,-35.0167
144.9544,-37.8103
151.1982,-33.8612
151.1656,-33.8761
151.1764,-33.8897
151.7654,-32.9413
153.0215,-27.4732
151.2055,-33.8615
147.3317,-42.8832
151.2055,-33.8615
151.2002,-33.8591
153.4122,-28.0894
151.1982,-33.8612
151,-33.8167
152.9089,-31.4308
-0.0955,51.5092
150.9929,-33.7588
151.1764,-33.8897
151.2498,-33.7666
151.1764,-33.8897
151.2002,-33.8591
151.1667,-33.7833
150.6785,-34.0159
153.3981,-28.0531
150.8995,-33.9522
143.2104,-33.494
143.2104,-33.494
151.5333,-32.7
153.0215,-27.4732
151,-33.8167
150.7757,-34.5713
151.0078,-33.8229
149.0833,-35.2167
138.5916,-35.0768
145,-37.8
-0.1224,51.4964
143.2104,-33.494
143.2104,-33.494
151.2055,-33.8615
143.2104,-33.494
143.2104,-33.494
153.0751,-27.4616
151.7285,-32.9237
143.2104,-33.494
151.7167,-32.9333
144.9667,-37.7667
144.9667,-37.7667
145.1167,-37.9167
151.1764,-33.8897
149.652,-32.6278
151.2002,-33.8591
150.8369,-33.7518
151.1982,-33.8612
151.0833,-33.8333
152.9334,-29.6901
151.1,-33.8667
143.2104,-33.494
115.8653,-32.1435
143.2104,-33.494
145.1294,-37.8771
-155.874,19.7108
149.1344,-35.276
143.2104,-33.494
151.2002,-33.8591
151.2,-33.9333
151.2167,-33.7333
145.15,-37.6
115.8223,-32.2333
151.2002,-33.8591
150.9763,-33.7926
138.5137,-34.9274
-1.7833,51.5167
153.2667,-27.7833
138.6871,-34.7994
151.1518,-33.9032
143.2104,-33.494
144.9667,-37.7667
144.9667,-37.7667
151.2193,-33.8794
-117.0333,32.8127
144.9544,-37.8103
151.2002,-33.8591
151.6712,-30.5083
151.2055,-33.8615
143.2104,-33.494
115.7972,-31.9583
153.0243,-27.471
143.2104,-33.494
149.1933,-35.31
149.1138,-35.4279
153.0325,-27.5123
143.2104,-33.494
151.1982,-33.8612
138.4667,-34.85
153.0751,-27.4616
145.0167,-37.75
144.9634,-37.8139
151.1,-33.8667
-74.5122,40.6308
151.2055,-33.8615
144.9544,-37.8103
138.6082,-34.7571
144.9667,-37.7833
151.0833,-33.8667
80.2833,13.0833
144.753,-37.7494
-122.3715,47.6381
-2.1342,53.4663
115.7627,-31.7747
115.8621,-31.9674
150.8583,-34.4356
153.0215,-27.4732
143.2104,-33.494
143.2104,-33.494
145.1833,-38.3
144.9833,-37.8333
145.0667,-37.9833
150.8833,-34.45
138.5986,-34.9287
-2.9458,52.8054
151.2055,-33.8615
77.2167,28.6667
144.9977,-37.8692
-73.9805,40.6809
149.1344,-35.276
-83.8562,42.2668
-85.5459,38.2552
-71.1193,42.4019
143.2104,-33.494
143.2104,-33.494
-121.9617,37.3961
143.2104,-33.494
153.0004,-27.4982
145.1229,-38.1446
146.8249,-19.3173
153.0243,-27.471
143.2104,-33.494
143.2104,-33.494
149.1635,-35.2495
144.9544,-37.8103
-119.7697,36.8874
-0.9711,51.4563
-111.8911,40.7608
-84.2751,33.749
153.0215,-27.4732
153.0215,-27.4732
151.2055,-33.8615
144.75,-37.85
143.2104,-33.494
-93.2638,44.98
153.0243,-27.471
146.8,-19.2833
-0.1224,51.4964
143.2104,-33.494
151.2002,-33.8591
138.6619,-34.949
138.6082,-34.7571
77.2167,28.6667
76.7933,30.7343
153.1858,-27.4692
145.3167,-40.85
138.65,-34.7333
116.0034,-31.9444
152.9316,-27.6172
143.2104,-33.494
143.2104,-33.494
143.2104,-33.494
151.1257,-33.9353
153.0215,-27.4732
153.0278,-27.5202
153.0571,-26.6844
153.0281,-27.4679
-111.9456,33.6161
152.959,-27.5507
144.9544,-37.8103
152.7475,-27.5975
153.05,-27.4667
153.0215,-27.4732
153.0215,-27.4732
-0.1224,51.4964
-71.0995,42.3876
153.3978,-27.9139
146.8,-19.2833
151.2002,-33.8591
144.5551,-38.1567
153.45,-28.1
143.2104,-33.494
144.2802,-36.7582
144.2802,-36.7582
146.8,-19.2833
153.05,-27.4667
145.2167,-37.8833
151.1167,-33.6833
153.0243,-27.471
143.2104,-33.494
-0.7635,51.4007
153.0145,-27.5671
153.0243,-27.471
153.0188,-27.4891
153.0243,-27.471
151.3304,-33.5106
153.25,-27.7
153.0833,-27.4333
143.2104,-33.494
143.2104,-33.494
150.969,-33.7876
151.0078,-33.8229
152.9619,-27.5278
143.2104,-33.494
143.2104,-33.494
153.0215,-27.4732
153.0004,-27.4982
152.2762,-27.5587
115.9443,-31.9628
145.1229,-38.1446
150.6557,-33.5871
151.2333,-33.8833
146.8249,-19.3173
152.9678,-27.2925
143.2104,-33.494
153.0583,-27.45
153.0335,-27.4227
115.9694,-31.7674
153.4309,-28.0003
146.8,-19.2833
152.9,-27.5
151.2275,-33.924
153.0243,-27.471
153.05,-27.4667
143.2104,-33.494
-80.2553,40.1582
151.5714,-33.1724
144.9544,-37.8103
150.3753,-33.7103
152.9766,-27.4155
144.9544,-37.8103
153.2,-27.7
143.2104,-33.494
151.5616,-33.1124
151.2,-33.9333
-73.8986,40.6391
144.9634,-37.8139
152.8865,-27.5228
144.9544,-37.8103
153.0333,-27.7167
151.2706,-33.8688
146.8249,-19.3173
146.8,-19.2833
-90.2744,38.5805
145.1114,-37.8495
143.2104,-33.494
146.8,-19.2833
77.5833,12.9833
-84.388,33.749
115.8621,-31.9674
152.891,-26.6067
115.8667,-31.9833
149.1344,-35.276
-75.1653,39.9524
145.25,-38.0333
144.9634,-37.8139
150.8995,-33.9522
151.0833,-33.9667
145,-37.8333
146.8,-19.2833
144.8333,-37.7667
-97.822,37.751
144.5969,-37.6759
144.9333,-37.8333
115.8614,-31.9522
144.93,-37.7882
153.0617,-27.4025
115.9181,-31.9795
153.0215,-27.4732
153.0215,-27.4732
150.506,-23.3803
153.1191,-26.7432
151.1257,-33.9353
144.9544,-37.8103
143.2104,-33.494
153.0571,-26.6844
153.0763,-27.4935
153.0751,-27.4616
143.2104,-33.494
-90.4773,41.487
153.0274,-27.8312
144.9633,-37.814
143.2104,-33.494
143.2104,-33.494
143.2104,-33.494
147.3317,-42.8832
151.2389,-33.8706
146.3515,-41.1769
147.3317,-42.8832
149.2101,-35.3422
147.2751,-42.8715
-1.55,52.4167
151.2002,-33.8591
147.2751,-42.8715
-0.1224,51.4964
147.2751,-42.8715
149.15,-35.4333
153.0215,-27.4732
151.1001,-34.0386
144.9717,-37.86
145.0354,-37.9181
115.8489,-31.9147
151.1982,-33.8612
144.9634,-37.8139
147.3317,-42.8832
115.6449,-32.5995
149.0833,-35.2167
144.9544,-37.8103
145.3,-38.0333
140.5667,-34.2333
143.2104,-33.494
151.0993,-33.9393
130.8568,-12.4153
144.9544,-37.8103
144.9505,-37.8149
143.2104,-33.494
152.873,-25.285
145.2,-37.8167
153.0215,-27.4732
115.7421,-32.3046
115.4072,-33.7296
145.0771,-37.7464
145.0309,-37.7804
143.2104,-33.494
145.0046,-37.9372
143.2104,-33.494
145.1833,-38.3
143.2104,-33.494
144.9544,-37.8103
153.099,-27.5393
143.2104,-33.494
-80.2553,40.1582
144.9667,-37.8333
144.9544,-37.8103
145.0538,-37.7976
145.2167,-37.8833
145.1667,-37.9667
143.2104,-33.494
144.9667,-36.3
143.8626,-37.5627
145.0333,-37.8333
144.9544,-37.8103
145.0667,-37.6667
144.3384,-38.1079
144.9717,-37.86
144.3581,-38.1535
115.8667,-31.9833
143.2104,-33.494
151.2002,-33.8591
151.2592,-33.8056
143.2104,-33.494
143.2104,-33.494
144.3581,-38.1535
145.1228,-38.0653
115.899,-31.8733
152.9833,-27.5333
151.1667,-33.8833
144.9975,-37.7904
145.2333,-37.9
145.0333,-37.8333
145.1167,-37.9167
-74.3039,40.9272
145.0667,-37.8667
143.2104,-33.494
138.6,-34.6
144.9167,-37.7833
145.35,-37.9
143.2104,-33.494
144.5032,-37.8755
153.4,-28.0167
-97.822,37.751
144.9544,-37.8103
143.2104,-33.494
143.2104,-33.494
144.9667,-37.8
-75.2304,39.9006
144.9634,-37.8139
144.9,-37.8
-73.9732,40.5961
145.0698,-37.7204
150.9994,-33.879
115.8621,-31.9674
143.2104,-33.494
115.819,-31.9483
146.5415,-38.1953
145.1254,-37.8189
144.9633,-37.814
146.5415,-38.1953
144.9544,-37.8103
145,-37.7667
145.2167,-37.8833
144.9717,-37.86
146.5415,-38.1953
115.8621,-31.9674
146.5415,-38.1953
144.9544,-37.8103
145.0794,-37.8626
146.5415,-38.1953
144.9544,-37.8103
144.9634,-37.8139
144.9544,-37.8103
138.6025,-34.7334
-0.0955,51.5092
145.0333,-37.8333
145,-37.8333
145.9406,-38.1462
144.9634,-37.8139
145.3,-38.0333
153.0302,-27.4432
-0.1224,51.4964
144.6105,-38.2817
144.9505,-37.8149
144.9505,-37.8149
143.2104,-33.494
116.05,-31.9333
115.8621,-31.9674
115.8621,-31.9674
115.8359,-31.955
143.2104,-33.494
115.8052,-31.9853
-1.5667,53.7667
115.9599,-32.0248
115.8621,-31.9674
115.8719,-31.8882
115.7815,-31.8963
115.7683,-31.7445
115.9181,-32.058
115.9167,-32
115.8621,-31.9674
115.8333,-32.0167
144.9544,-37.8103
115.938,-31.9172
115.8624,-32.0563
115.8359,-31.955
151.1982,-33.8612
143.2104,-33.494
-106.6511,35.0845
115.9131,-31.9555
-2.1342,53.4663
115.865,-31.8276
122.2392,-17.9554
-121.8833,37.3422
-5.9333,54.5833
115.8064,-32.1334
73.0833,19.2167
72.8258,18.975
72.8258,18.975
-86.1263,42.8526
72.8258,18.975
81.6833,21.35
-80.1702,40.2713
85.1167,25.6
72.8258,18.975
72.8258,18.975
72.8258,18.975
80.2833,13.0833
77.2,28.6
77.4,23.2667
80.35,26.4667
74.95,30.23
75.5792,31.3256
77.5833,12.9833
77.2,28.6
77,20
72.8258,18.975
72.8258,18.975
-73.2253,44.4929
80.2833,13.0833
76.7933,30.7343
76.7933,30.7343
77.2167,28.6667
77.2,28.6
80.2833,13.0833
77.0333,28.4667
88.3697,22.5697
74.8353,12.8639
77.2167,28.6667
77.5833,12.9833
77.5833,12.9833
77.5833,12.9833
80.2125,13.0511
80.2125,13.0511
-77.539,39.018
80.2833,13.0833
72.8258,18.975
83.3,17.7
80.2125,13.0511
77,20
77.5833,12.9833
80.2833,13.0833
77,20
77,20
78.4744,17.3753
80.2833,13.0833
72.8258,18.975
72.9667,21.7
77.5833,12.9833
-74.0104,40.7087
77.2167,28.6667
77,20
80.2833,13.0833
78.4744,17.3753
-95.9378,41.2586
77,20
77,20
80.6167,16.5167
72.6833,23.2167
79.1,21.15
-117.1336,32.8897
-0.0955,51.5092
0.25,51.55
73.8667,18.5333
-82.8508,36.0828
-82.8508,36.0828
80.2833,13.0833
72.9,20.9667
77.5833,12.9833
77.2167,28.6667
77.5833,12.9833
78.0555,30.3077
77.2,28.65
78.4744,17.3753
77.2167,28.6667
77.2167,28.6667
73.8,19.9833
72.8258,18.975
77.2,28.6
74.6333,26.45
77,20
77,20
77,20
72.8258,18.975
73.8,19.9833
77.1,27.4333
72.6167,23.0333
-75.4254,40.1879
75.7667,11.25
75.8167,26.9167
77,20
-89.8998,38.5121
77.2,28.6
77.2167,28.6667
76.7933,30.7343
75.8167,26.9167
75.8167,26.9167
-87.7017,41.9206
77,20
77.6833,29.4667
76.7933,30.7343
77,20
-2.1249,50.7896
77,20
77.5833,12.9833
77,20
77.2167,28.6667
-122.2318,47.6269
76.7933,30.7343
85.1167,25.6
-0.0955,51.5092
77.1167,30.9167
77.4333,28.6667
81.85,25.45
72.8258,18.975
77.2167,28.6667
80.35,26.4667
77.2167,28.6667
77.2,28.6
77,20
77,20
78.6856,10.805
73.8667,18.5333
80.2833,13.0833
80.2833,13.0833
76.7933,30.7343
80.2147,13.0392
77,20
77.2167,28.6667
77.2,28.6
-74.3291,40.7871
77.2,28.6
77.32,28.57
80.35,26.4667
80.2833,13.0833
-115.1479,36.0097
72.8258,18.975
151.1028,-33.9125
72.8258,18.975
72.8258,18.975
73.8667,18.5333
72.8258,18.975
72.8258,18.975
77,20
80.2833,13.0833
72.8258,18.975
72.8258,18.975
72.8258,18.975
80.2833,13.0833
-82.5954,28.1764
73.8667,18.5333
77,20
77.5833,12.9833
72.8258,18.975
79.9833,14.9167
80.2833,13.0833
80.2833,13.0833
77.2,28.6
77,20
80.2833,13.0833
77.5833,12.9833
77.2,28.6
77,20
72.8258,18.975
-121.8914,37.3388
-80.1702,40.2713
80.2833,13.0833
-86.9081,40.4259
88.3697,22.5697
77,20
79.95,23.1667
-89.4012,43.0731
77.1,27.4333
77.0333,28.4667
77,20
77,20
72.9667,19.2
77,20
77.2,28.6
77,20
72.8258,18.975
72.8258,18.975
72.8258,18.975
72.8258,18.975
80.9167,26.85
72.8258,18.975
-120.398,34.6045
72.8258,18.975
72.8258,18.975
77.4,23.2667
77,20
77.4,23.2667
80.2833,13.0833
77,20
77.5833,12.9833
72.8258,18.975
-74.5122,40.6308
-122.0318,38.0033
73.8667,18.5333
72.8258,18.975
77,20
76.9569,8.5069
72.8258,18.975
87.5333,23.9167
72.8258,18.975
72.8258,18.975
77.5833,12.9833
73.8667,18.5333
77,20
-97.822,37.751
77.2,28.6
77.3333,28.5167
72.8258,18.975
77,20
77.5833,12.9833
72.8258,18.975
77.5833,12.9833
77,20
74.2167,16.7
77,20
-122.3341,47.6103
75.65,32.2833
77.1333,30.4833
77.2,28.6
77,20
76.7933,30.7343
77.32,28.57
76.7933,30.7343
76.7933,30.7343
-74.5122,40.6308
77.5833,12.9833
78.6856,10.805
77.5833,12.9833
77,20
77,20
72.8258,18.975
80.2833,13.0833
77,20
80.2833,13.0833
76.837,29.9657
77,20
-84.388,33.749
-121.4444,38.3774
73.8667,18.5333
77.32,28.57
77.6833,27.5
85.8333,20.2333
72.8258,18.975
77.1,27.4333
76.7933,30.7343
81.7833,16.9833
77,20
-80.2553,40.1582
78.6856,10.805
80.2833,13.0833
77.2,28.6
77.2,28.6
80.2833,13.0833
78.6856,10.805
80.2833,13.0833
73.8667,18.5333
77,20
77,20
88.3697,22.5697
78.4744,17.3753
77.5833,12.9833
77.2,28.6
80.2833,13.0833
74.2167,16.7
77,20
77,20
79.75,11.75
-79.0147,35.057
80.2833,13.0833
80.2833,13.0833
77.2167,28.6667
77,20
77.0333,28.4667
72.8258,18.975
80.45,16.3
77.32,28.57
-73.9885,40.7317
77,20
77.32,28.57
77.0333,28.4667
77.2,28.6
77.2,28.6
77.2167,28.6667
77.0298,28.6801
77.2167,28.6667
-75.4254,40.1879
77.2167,28.6667
77.4333,28.6667
77,20
77,20
78.4744,17.3753
77,20
-74.8243,40.2648
77.4333,28.6667
-122.4077,37.6547
72.8258,18.975
72.8258,18.975
77.5833,12.9833
72.8258,18.975
77,20
77.2,28.6
72.8258,18.975
73.8667,18.5333
77.2167,28.6667
85.3333,23.35
77.2167,28.6667
77.3167,28.4333
88.3697,22.5697
80.2833,13.0833
88.3478,22.7142
72.8258,18.975
80.2833,13.0833
72.8258,18.975
86.1833,22.8
-0.2167,51.9167
77.2167,28.6667
72.8258,18.975
77,20
85.1167,25.6
72.8258,18.975
77.5833,12.9833
77.5833,12.9833
75.8667,26.9833
88.3697,22.5697
73.8667,18.5333
77.5833,12.9833
80.2833,13.0833
88.3925,22.8789
77,20
76.7933,30.7343
76.7933,30.7343
76.9472,30.7288
76.7933,30.7343
76.7933,30.7343
-0.1,51.6333
-121.3248,38.6262
-83.1615,40.0989
77.32,28.57
73.8667,18.5333
73.8667,18.5333
72.8258,18.975
77,20
76.69,30.78
-121.3248,38.6262
70.1333,23.0833
77.2167,28.6667
72.8258,18.975
77.2167,28.6667
74.2167,16.7
77,20
77.2,28.6
-87.8445,42.1197
77.2167,28.6667
88.3697,22.5697
88.3697,22.5697
72.8258,18.975
77.2,28.6
77,20
77,20
88.3697,22.5697
88.3103,22.5892
88.3697,22.5697
77.5833,12.9833
77.4,23.2667
77.5833,12.9833
-0.0955,51.5092
79.95,23.1667
75.8333,22.7167
81.6333,21.2333
77.2167,28.6667
-121.9904,37.7806
78.0333,30.3167
73.8667,18.5333
76.45,33.0333
73.8667,18.5333
77.2167,28.6667
138.65,-34.9167
75.7667,23.1833
77.2,28.6
73.8667,18.5333
91.7333,26.1833
87.3333,22.3333
72.8258,18.975
77,20
72.8258,18.975
-118.244,34.0544
77.0333,28.4667
77,20
77.2,28.6
79.6675,27.6562
74.6333,26.45
-96.8284,46.8543
72.6167,23.0333
-77.0951,38.7591
77,20
72.8258,18.975
80.9167,26.85
72.8258,18.975
75.8333,22.7167
72.6167,23.0333
85.8333,20.2333
85.1167,25.6
78.2667,29.15
80.25,21.7833
77.2,28.6
85.1167,25.6
75.8333,22.7167
-97.822,37.751
77,20
77,20
77.2167,28.6667
77,20
72.8258,18.975
77.2,28.6
76.7933,30.7343
77.32,28.57
76.6514,10.7725
72.8258,18.975
76.8333,8.6833
76.9569,8.5069
88.3697,22.5697
83.3,17.7
78.8738,12.946
76.9569,8.5069
-78.6798,35.4832
76.2333,9.9667
80.2833,13.0833
-84.1404,34.1483
76.2333,9.9667
78.1667,11.65
75.7667,11.25
77,20
72.8258,18.975
77.2167,28.6667
77.2167,28.6667
77.2167,28.6667
77.5833,12.9833
77.5833,12.9833
73.8667,18.5333
77.5833,12.9833
77.5833,12.9833
73.8,15.4
77.5833,12.9833
77.5833,12.9833
73.8667,18.5333
77.32,28.57
80.2833,13.0833
77.5833,12.9833
72.8258,18.975
77,20
77.5833,12.9833
77,20
74.2167,16.7
78.4744,17.3753
77.5833,12.9833
74.8353,12.8639
77.5833,12.9833
77.5833,12.9833
77,20
77.5833,12.9833
74.5,15.8667
77.5833,12.9833
77.5833,12.9833
77.5833,12.9833
77.5833,12.9833
73.8667,18.5333
77.5833,12.9833
77.5833,12.9833
74.8353,12.8639
76.2833,9.9833
-93.4266,45.0469
77.5833,12.9833
80.2833,13.0833
78.6856,10.805
77.5833,12.9833
80.2833,13.0833
77,20
77,20
77.2,28.6
72.8258,18.975
77.2167,28.6667
77.2167,28.6667
72.8258,18.975
77,20
78.4744,17.3753
-122.8192,45.5534
77.32,28.57
-87.6517,41.8483
77.5833,12.9833
77.5833,12.9833
77.2167,28.6667
80.2833,13.0833
78.4667,28.9167
77,20
76.69,30.78
77,20
77.2167,28.6667
72.8258,18.975
74.2167,16.7
77.5833,12.9833
72.8258,18.975
77.5833,12.9833
77,20
76.9614,10.9925
79.9489,12.9689
80.2833,13.0833
76.9614,10.9925
76.9614,10.9925
75.8137,27.0261
77,20
77,20
77.5833,12.9833
-72.6531,41.5497
80.2833,13.0833
77.5833,12.9833
-73.5052,40.8294
77.32,28.57
77.2167,28.6667
77.32,28.57
77.2167,28.6667
73.8667,18.5333
-122.4382,37.8018
72.8258,18.975
75.8167,26.9167
77.5833,12.9833
77.2,28.6
77.2167,28.6667
78.0833,27.8833
77,20
76.69,30.78
72.8258,18.975
77,20
77.2167,28.6667
77.2,28.6
77,20
72.8258,18.975
77.2167,28.6667
-80.8431,35.2271
77.2,28.6
88.3697,22.5697
77.5833,12.9833
77,20
77.5833,12.9833
85.9667,23.7833
85.8333,20.2333
85.8333,20.2333
85.8333,20.2333
80.2833,13.0833
77,20
77.5833,12.9833
77,20
77,20
72.8258,18.975
80.15,17.25
74.2167,16.7
143.2104,-33.494
-96.6989,33.0198
77.5833,12.9833
77.2,28.6
80.2833,13.0833
80.6167,16.5167
78.4744,17.3753
78.4744,17.3753
77.1,27.4333
-76.8807,39.0027
-87.6517,41.8483
77,20
72.8258,18.975
87.5333,23.9167
77,20
77.4,23.2667
72.8258,18.975
77,20
77.2167,28.6667
80.9167,26.85
77.32,28.57
83.3739,26.755
77.32,28.57
72.8258,18.975
72.9667,19.2
77.2,28.6
77.2167,28.6667
77.55,29.9667
77.2167,28.6667
77.5833,12.9833
78.95,29.2167
77.4333,28.6667
143.2104,-33.494
77.32,28.57
75.5792,31.3256
73.8667,18.5333
72.8258,18.975
73.8667,18.5333
77.5833,12.9833
80.35,26.4667
72.8258,18.975
77,20
77.2167,28.6667
85.8333,20.2333
76.69,30.78
88.3697,22.5697
77.2167,28.6667
77,20
72.8258,18.975
79.65,21.1667
72.8258,18.975
72.8258,18.975
73.8667,18.5333
72.8258,18.975
72.8258,18.975
77.2,28.6
77.2,28.6
76.4003,30.3267
91.7333,26.1833
77.32,28.57
77.2,28.6
77.32,28.57
77,20
72.8258,18.975
72.8258,18.975
77,20
87.5333,23.9167
-121.946,37.425
77,20
77.2,28.6
-87.9084,42.19
77,20
80.2833,13.0833
77.2,28.6
87.3333,22.3333
75.7667,23.1833
77,20
77.1,27.4333
72.8258,18.975
77,20
77.5833,12.9833
85.8333,20.2333
85.8333,20.2333
77.2,28.6
77,20
77.2,28.6
72.8258,18.975
72.8258,18.975
77.0333,28.4667
87.5333,23.9167
77.5833,12.9833
77.5833,12.9833
77.4333,28.6667
78.5833,25.4333
-121.9886,37.5483
-74.1945,40.7391
-71.5016,42.6731
78.4744,17.3753
78.4744,17.3753
77,20
77.5833,12.9833
87.3333,22.3333
70.7833,22.3
70.4667,21.5167
70.4667,21.5167
77.9378,13.0075
77.9378,13.0075
70.4667,21.5167
70.7833,22.3
72.8258,18.975
72.8258,18.975
72.6167,23.0333
72.6167,23.0333
70.0667,22.4667
70.4667,21.5167
77.5833,12.9833
77,20
77.2167,28.6667
77,20
79.95,23.1667
77,20
77.32,28.57
72.8258,18.975
80.2833,13.0833
77,20
72.8167,19.0167
78.4744,17.3753
85.1167,25.6
-80.1342,40.3456
85.1167,25.6
88.3697,22.5697
88.3697,22.5697
77.5833,12.9833
72.9667,19.2
85.8333,20.2333
80.2833,13.0833
88.3697,22.5697
85.8333,20.5
87.3333,22.3333
-74.0133,40.7125
84.8833,22.2
79.83,11.93
83.8667,21.5
84.7833,19.3167
85.8333,20.2333
85.8333,20.2333
85.8333,20.2333
85.8333,20.2333
85.8333,20.2333
79.3,19.95
76.5833,18.4
72.8258,18.975
76.5167,9.5833
72.8258,18.975
77.5833,12.9833
72.8258,18.975
73.2,22.3
72.8258,18.975
78.4744,17.3753
77,20
77,20
91.7333,26.1833
87.5333,23.9167
-77.2223,38.9499
77.2,28.6
-1.6194,54.9881
74.4833,28.4333
-3.0291,53.7911
77,20
83.5667,25.5833
77.1,27.4333
77.5833,12.9833
77.2167,28.6667
143.2104,-33.494
77.5833,12.9833
72.8258,18.975
72.8258,18.975
77,20
77.5833,12.9833
80.2833,13.0833
77.5833,12.9833
-117.1336,32.8897
77.5833,12.9833
70.0667,22.4667
72.8258,18.975
69.95,22.25
77.2167,28.6667
72.9667,19.2
72.8258,18.975
77,20
77.1,27.4333
88.3697,22.5697
88.3697,22.5697
84.6667,25.5667
77.32,28.57
87.3333,22.3333
77.2167,28.6667
77.4333,28.6667
-88.1341,41.8032
-1.4073,52.0184
-1.4241,54.9227
77.5833,12.9833
75.8333,22.7167
72.9667,19.2
73.791,19.9973
77,20
77,20
77,20
72.8258,18.975
-118.244,34.0544
72.8258,18.975
74.8667,32.7333
77.2167,28.6667
77.5833,12.9833
80.2833,13.0833
-0.8333,51.4167
80.2833,13.0833
81.1,16.7
77,20
77.5833,12.9833
87.3333,22.3333
77.5833,12.9833
77.5833,12.9833
74.5,15.8667
78.4744,17.3753
72.9667,19.2
77.5833,12.9833
77.2167,28.6667
77.5833,12.9833
77,20
80.2833,13.0833
72.8258,18.975
80.2833,13.0833
77.5833,12.9833
77.32,28.57
77,20
77.2167,28.6667
72.8258,18.975
76.65,25.5
72.8258,18.975
77,20
-0.1224,51.4964
72.8258,18.975
77.2,28.6
78.4744,17.3753
77.5833,12.9833
77.0333,28.4667
77.5833,12.9833
77.2,28.6
-94.6379,38.9248
-84.388,33.749
77.5833,12.9833
77.5833,12.9833
80.2833,13.0833
77,20
77.5833,12.9833
77.2,28.6
77.5833,12.9833
88.3697,22.5697
77.5833,12.9833
77,20
77.5833,12.9833
77.5833,12.9833
77.2,28.6
76.6514,10.7725
76.2167,10.5167
80.2833,13.0833
87.3167,23.4833
77.75,20.9333
-71.0548,42.3605
77.5833,12.9833
77.2,28.6
78.4744,17.3753
-0.1224,51.4964
78.4744,17.3753
78.4744,17.3753
80.2833,13.0833
78.4744,17.3753
78.4744,17.3753
77,20
80.2833,13.0833
82.2167,16.9333
77.2,28.6
91.7333,26.1833
88.3697,22.5697
88.3697,22.5697
88.3697,22.5697
77.32,28.57
-122.0318,38.0033
77.2,28.6
-0.1224,51.4964
77,20
77,20
77.2333,15.3833
76.9333,15.15
77.5833,12.9833
-118.1392,34.147
75.6167,15.4167
76.9333,15.15
77.2333,15.3833
77.2167,28.6667
73.8667,18.5333
77.2,28.6
78.4744,17.3753
72.6167,23.0333
73.8667,18.5333
88.3697,22.5697
75.9074,11.3842
73.8667,18.5333
80.2833,13.0833
78.1167,9.9333
86.1833,22.8
80.2833,13.0833
80.9167,26.85
72.8258,18.975
85.1167,25.6
85.1167,25.6
74.8022,34.0922
-0.0955,51.5092
-121.946,37.425
77.0333,28.4667
77.2,28.6
77.2,28.6
-97.822,37.751
-97.822,37.751
72.9,20.9667
-87.6852,41.8784
80.35,26.4667
77.2,28.6
77.2,28.6
73.8667,18.5333
88.3697,22.5697
72.8258,18.975
79.3,19.95
-78.5544,35.9767
-74.5122,40.6308
80.2833,13.0833
77.2167,28.6667
77.5833,12.9833
77.5833,12.9833
77,20
77.2167,28.6667
77.2167,28.6667
77,20
80.9167,26.85
75.1667,26.3
77,20
87.3167,23.4833
80.35,26.4667
72.6833,23.2167
76.2333,9.9667
85.1167,25.6
77.2167,28.6667
-0.0955,51.5092
151.1982,-33.8612
-74.1895,40.9519
72.8258,18.975
78.4744,17.3753
72.8258,18.975
72.6833,23.2167
-0.0955,51.5092
-118.1392,34.147
77.5833,12.9833
73.8667,18.5333
-1.7833,53.65
77.0333,28.4667
72.8258,18.975
77.2,28.6
-111.764,33.303
77,20
77.32,28.57
77,20
77.2167,28.6667
75.7022,26.9501
77,20
77.4333,28.6667
-84.5382,39.1668
76.2167,10.5167
73.8667,18.5333
72.8258,18.975
77.2,28.6
80.2789,13.0594
80.2833,13.0833
78.4744,17.3753
78.5,17.45
-122.6762,45.5234
76.9333,15.15
77,20
-88.2049,41.8251
79.1333,12.9333
77.2,28.6
77.5833,12.9833
77,20
88.3697,22.5697
77,20
85.8333,20.5
85.8333,20.5
77,20
79.95,23.1667
79.95,23.1667
-93.4266,45.0469
77.8833,29.8667
77.5833,12.9833
-84.3242,33.9829
77.5833,12.9833
77.2,28.6
77.2,28.6
73.8667,18.5333
87.3167,23.4833
79.15,18.4333
76.2167,10.5167
77.35,11.1
72.8258,18.975
72.8258,18.975
73.8667,18.5333
77,20
77.2167,28.6667
77,20
-74.4178,40.4283
91.7333,26.1833
77.5833,12.9833
72.8258,18.975
78.4744,17.3753
77,20
77.32,28.57
78.4744,17.3753
77.2,28.6
77.2,28.6
77.5833,12.9833
-96.8217,32.7787
79.9833,14.9167
78.4744,17.3753
77,20
85.3333,23.35
77.4333,28.6667
77.4333,28.6667
77,20
77.32,28.57
77.32,28.57
77.5833,12.9833
72.8258,18.975
80.2025,12.8358
79.4167,28.35
77.32,28.57
77,20
77.32,28.57
77,20
-5.9333,54.5833
76.2333,9.9667
88.4236,26.7161
-78.9858,36.0378
72.8258,18.975
72.8258,18.975
77,20
77.0333,28.4667
75.6,21.8167
77,20
-77.4728,39.0481
77,20
77,20
77.2,28.6
76.7933,30.7343
77,20
77,20
77,20
139.7677,35.6427
85.8333,20.2333
88.3697,22.5697
77.5833,12.9833
76.2333,9.9667
77.2167,28.6667
80.9167,26.85
-77.0364,38.8951
80.9167,26.85
72.8258,18.975
-82.9988,39.9612
77,20
77.32,28.57
-77.4153,37.5809
-73.7437,41.0057
77.2167,28.6667
77.5833,12.9833
88.0583,22.0253
-80.0248,40.4344
77,20
76.9614,10.9925
77.5833,12.9833
76.69,30.78
77,20
77.32,28.57
77.2,28.6
77,20
-96.982,32.9193
77,20
88.3697,22.5697
77,20
79.15,18.4333
77.2,28.6
-95.8997,36.7281
-96.8441,33.0017
-81.6516,30.3304
77.2167,28.6667
77.5833,12.9833
77.32,28.57
77,20
77,20
88.3697,22.5697
80.2833,13.0833
138.55,-34.95
72.8667,22.7
80.2833,13.0833
-73.9862,40.7662
80.2833,13.0833
77,20
80.2833,13.0833
77.5833,12.9833
77,20
77.2167,28.6667
77.5833,12.9833
-83.8148,42.1482
79.1333,12.9333
77,20
77.2,28.6
79.2248,26.7571
77.5833,12.9833
-87.9208,43.148
77,20
77.0333,28.4667
77,20
77,20
85.8333,20.2333
77.2,28.6
77.2167,28.6667
80.2789,13.0594
-74.5122,40.6308
72.8258,18.975
82.1827,26.2706
77,20
77.2167,28.6667
-72.3396,41.3589
77.2,28.6
77.0333,28.4667
77.0333,28.4667
-96.8217,32.7787
77,20
77.4,23.2667
77.4333,28.6667
-122.0881,37.3845
-118.1392,34.147
139.7677,35.6427
80.9167,26.85
77,20
72.8258,18.975
77.2,28.6
76.3167,29.3167
83.9039,21.7316
88.3697,22.5697
80.2833,13.0833
76.7933,30.7343
72.8258,18.975
77,20
77.2,28.6
77.2167,28.6667
72.8258,18.975
72.8258,18.975
77.2,28.6
-77.4494,43.2186
-71.0592,42.3492
78.4744,17.3753
77,20
85.8333,20.2333
77.2,28.6
-97.822,37.751
77,20
77,20
-74.5122,40.6308
-84.0238,42.1616
77,20
76.083,11.605
-93.5722,41.6727
77.2167,28.6667
77,20
-0.0955,51.5092
76.7808,30.3783
85.8333,20.2333
77.2,28.6
72.9167,19.1
-96.7776,32.7673
-95.5643,29.7419
-87.6517,41.8483
-82.9988,39.9612
77.2167,28.6667
80.2833,13.0833
79.1333,12.9333
86.1833,22.8
75.7004,11.6743
-122.0574,37.4192
-77.0325,38.8749
-1.4833,53.55
-3.1333,53.1667
-73.5409,41.255
-112.2038,33.4274
-111.0022,32.2686
-110.95,32.2476
-122.3235,47.6355
-95.4311,29.6807
-0.0955,51.5092
-78.3662,40.5172
-84.1404,34.1483
-86.6082,35.1547
-86.2539,32.404
-76.9783,38.9057
-97.5749,35.708
-97.822,37.751
-122.1026,37.8381
-81.0807,34.966
-121.978,37.7799
-97.166,47.9905
-89.9276,35.0387
-97.8082,30.4998
-74.1184,40.9364
-112.3178,33.4442
-74.6173,40.5953
-77.9246,43.2508
-73.7787,41.0572
-81.628,41.0232
-0.4167,51.8833
-111.8739,33.3201
-112.0265,33.5091
-80.4997,25.6046
-112.2038,33.4274
-111.764,33.303
-110.95,32.2338
-111.789,33.3528
-71.5227,43.2345
-77.0146,38.8933
-74.006,40.7143
-97.822,37.751
-97.6772,30.6327
78.0833,27.8833
-112.0939,33.631
-118.1807,33.8627
-110.95,32.2338
-97.822,37.751
-82.7689,28.0288
-71.5456,43.1275
-112.2334,33.6135
-112.257,33.5734
-97.166,47.9905
-78.9032,33.6985
-95.965,41.24
-112.2637,33.5335
-112.1857,33.6669
-71.4268,42.1556
-116.2168,33.7207
-121.946,37.425
-77.0453,38.8156
-112.0583,33.5076
-112.0717,33.5083
-118.3406,33.8359
-89.1089,35.6629
-117.8535,34.0115
-110.95,32.2338
-112.0583,33.5076
0.2,51.5833
-97.822,37.751
-79.0147,35.057
-78.0056,42.7156
-111.7574,32.8795
-0.0955,51.5092
-112.1811,33.5708
-122.6208,45.5774
-122.4842,37.7607
-97.822,37.751
-110.9265,32.2217
-76.4052,37.0627
-112.074,33.4484
-118.34,34.0488
-105.2142,39.9469
-110.8282,32.2528
-97.5164,35.4676
-72.5549,41.6634
-84.4309,33.7257
-110.9443,32.2406
-91.982,34.9921
-92.2302,34.9024
-90.2796,32.3849
-95.8796,36.0402
-122.1408,47.6201
-93.1894,34.0555
-74.1764,41.078
-72.7312,41.6856
-89.435,40.6108
-78.6264,42.9057
-112.3178,33.4442
-97.822,37.751
-117.7596,33.7081
80.2833,13.0833
-118.0388,33.9457
-118.7208,34.3021
-117.9186,33.6486
-75.5045,39.816
-77.0369,39.0046
-117.9089,33.6748
-122.2471,37.5331
-122.1134,47.6051
-122.2405,37.4625
-117.127,32.9656
-118.0086,33.6746
-98.4159,29.6409
-122.3041,37.5402
-121.6711,37.2531
-121.6711,37.2531
-97.822,37.751
-122.0574,37.4192
-122.3041,37.5402
-122.2376,37.8449
-86.7194,36.0679
-97.2251,37.7083
-118.3666,34.1511
-122.002,37.3061
-122.2103,47.6154
-81.326,41.1352
-117.3391,33.5426
-121.4944,38.5816
-82.4618,27.9832
-122.2103,47.6154
-122.275,37.8658
-122.2091,38.1165
-122.2592,38.01
-122.2877,37.8646
-112.2038,33.4274
-71.6737,42.8257
-117.2425,33.2
-117.929,33.6189
139.69,35.69
-118.212,33.9547
-80.2553,40.1582
-122.6962,45.4509
-92.0773,30.187
-111.0022,32.2686
-122.3419,47.6738
-118.2416,34.1352
-118.2663,34.1693
-97.822,37.751
80.2833,13.0833
-77.2497,38.6582
-117.3391,33.5426
-117.1707,33.1565
-74.2111,40.7104
-97.2167,37.7816
-74.9535,40.2647
-117.8231,33.6695
-86.7844,36.1659
-82.6823,27.7788
-77.2497,38.6582
-117.1008,32.7773
-85.3151,41.0427
-94.6289,39.0716
-74.4637,40.5516
-119.9295,36.7967
-119.9295,36.7967
-82.3248,29.6516
145.174,-37.8891
-97.822,37.751
-97.822,37.751
-122.0442,37.6393
-156.3087,20.8451
-122.3044,37.8726
-122.4017,37.7909
-114.5736,35.09
-117.3246,33.8942
-113.6508,37.1316
-80.3445,39.2807
-83.7113,42.3241
-122.4389,37.6869
-97.822,37.751
-97.822,37.751
-118.2661,34.0396
-97.822,37.751
-117.9089,33.6748
-122.0442,37.6393
-97.822,37.751
-122.0442,37.6393
-122.0117,37.9137
-85.711,42.9777
-121.9854,37.3501
-97.822,37.751
-77.1602,39.0032
-83.2907,42.6315
-117.0439,33.5363
-88.0381,43.0508
-97.822,37.751
-122.6753,38.438
-117.8973,34.0249
-118.3666,34.1511
-96.8,32.7877
-122.8192,45.5534
-122.2515,47.4956
-86.0207,39.1923
-121.3716,38.4088
-121.4024,38.4884
-117.1707,33.1565
-117.2468,33.182
-97.822,37.751
-122.4017,37.7909
-116.86,32.7794
-117.2042,33.2194
-117.2907,33.2004
-117.3795,33.1959
-117.2528,33.0501
-0.0955,51.5092
-73.1365,41.1737
139.8,36.3
-122.2158,37.7791
-122.7278,37.7848
-77.0369,39.0046
-121.9367,38.1699
-118.2564,33.8608
-97.822,37.751
-117.7684,33.7423
-97.822,37.751
-117.4581,34.1476
-120.4102,34.821
-117.4581,34.1476
-117.6742,34.0462
-77.539,39.018
-105.9583,35.8013
-122.1747,37.7393
-121.6958,37.9319
-121.9886,37.5483
-107.9798,32.8562
-75.3359,43.1191
0.0708,51.5597
-81.5798,41.4737
-122.6208,45.5774
-1.1667,52.9667
-97.822,37.751
-112.0265,33.5091
-117.3647,33.9298
-121.9164,37.7186
-73.5429,41.061
-97.822,37.751
-121.4652,38.5749
-118.4896,34.0863
-87.9381,41.6
-117.0439,33.5363
-118.2302,34.2121
-117.9919,34.1539
-70.7634,43.0143
-95.5624,29.6283
-122.2702,37.8091
80.2575,13.025
-122.2947,37.8895
-122.0311,37.978
-119.7029,36.8252
-89.603,35.182
-117.6123,33.9096
-122.882,45.446
-117.8231,33.6695
-117.9068,34.6976
-118.4796,34.7255
-73.9453,40.728
-95.4739,29.8301
-115.1372,36.175
-73.9235,40.7035
-115.1685,36.2212
-118.0194,33.9709
-92.0137,30.0771
-95.5044,29.7686
-80.6929,35.2527
-116.2838,43.632
-118.4716,34.0256
-78.8226,34.9339
-118.1807,33.8627
-111.8555,40.7079
-122.2788,37.7735
138.5986,-34.9287
-0.1224,51.4964
-110.8785,32.2541
-118.8312,35.438
-78.9858,36.0378
-75.1533,39.9123
-74.3194,40.4981
-77.1285,38.8115
-77.0445,39.0409
-117.9939,33.7474
-117.3647,33.9298
-4.2529,55.8301
-117.2139,33.5539
-115.0877,36.1201
-77.0325,38.8749
-117.0439,33.5363
-117.8896,34.0627
-85.5458,42.8801
-117.0439,33.5363
-122.275,37.8658
-116.2838,43.632
-87.6845,42.0586
-121.7329,39.0529
-84.1494,33.9791
-81.1647,28.5341
-122.3933,37.7697
-89.6252,40.5494
-71.1028,42.3646
-121.6158,39.0579
-117.2468,33.182
-105.0128,39.8158
-74.006,40.7143
-117.9421,34.0699
-117.6765,35.5532
-72.2112,41.7094
-117.7548,34.039
-89.5303,40.7225
-120.398,34.6045
-157.9349,21.343
-120.398,34.6045
-93.2166,44.9759
-111.8153,33.3462
-118.6162,34.3759
-4.1767,55.7641
-97.822,37.751
-121.8705,37.4404
-118.2915,34.1718
-76.7946,39.257
-77.5332,38.4036
-81.3619,28.6294
-96.8217,32.7787
-97.822,37.751
-93.7171,45.0905
-119.0603,35.155
-118.3721,33.8743
-118.2987,33.7866
-81.3467,28.5553
-97.822,37.751
-101.9224,33.5486
-112.3178,33.4442
-117.8896,34.0627
-117.7824,33.7983
-93.245,45.0203
-121.2819,38.8185
-117.3391,33.5426
-118.2987,33.7866
-3.0226,53.8119
-87.6551,41.9373
-117.1553,34.1359
-116.2732,34.1578
-117.127,32.9656
-2.65,51.7833
-73.9725,40.7528
-102.3881,31.3504
-94.8097,39.7581
-121.951,37.3486
-84.5615,33.391
-122.417,37.7794
-121.8643,37.3721
77.5833,12.9833
-74.1184,40.9364
-80.1434,26.1223
-74.5914,40.8461
-103.4384,32.8186
-122.4449,37.7691
-121.8829,37.7883
-121.7515,37.7731
-80.1333,26.454
-117.9633,33.88
80.2833,13.0833
-120.5027,34.9556
-117.1859,34.5008
-97.822,37.751
-118.9171,35.5498
-118.3908,34.1854
-122.6853,38.4578
-83.2748,42.7816
-77.0445,39.0409
-116.4083,33.7056
-78.9244,35.8896
-122.2196,37.8309
-73.9885,40.7317
-71.5364,41.4279
-81.9432,26.6292
-121.7053,37.1894
-111.7325,40.3563
-77.0325,38.8749
-0.1224,51.4964
-121.8436,37.2722
-93.1197,31.6835
-83.7113,42.3241
-86.6098,36.1782
-77.0369,39.0046
-97.1342,32.9412
-71.0982,42.473
-117.3205,34.3661
-86.1034,33.3782
-111.8819,40.6092
-115.8598,34.2438
-83.4646,42.4634
-104.9839,39.732
-105.018,39.764
-105.2433,39.7146
-88.0002,41.8732
-97.822,37.751
-104.9415,39.785
-105.1256,40.5939
-94.7029,38.9247
-157.8274,21.296
-84.388,33.749
-105.1316,40.3532
-105.2493,39.9721
-97.4003,27.6851
145.0229,-37.8825
-104.8163,39.3276
-105.1745,39.5487
-113.5999,37.1834
-105.09,39.6866
-1.7833,51.5167
-77.4826,38.2981
-105.3765,39.8436
-105.1396,40.524
-122.1026,37.8381
-97.4937,27.6764
-88.1341,41.8032
-104.9528,39.729
-104.4083,39.7388
-104.9528,39.729
-104.6894,40.4508
-105.0628,40.5195
-84.9054,39.8381
-4.2529,55.8301
-104.4083,39.7388
-98.906,30.2481
-105.0963,39.6659
-104.8319,39.7294
-97.822,37.751
-72.3396,41.3589
-97.822,37.751
-97.822,37.751
-72.6905,41.7424
-72.391,41.4777
-73.1257,41.2305
-72.7907,41.6903
-71.5227,43.2345
-72.742,41.762
-97.822,37.751
-107.9798,32.8562
-93.5722,41.6727
-77.3489,38.9311
-86.2404,39.6986
-71.4048,42.9701
-97.822,37.751
-104.8288,38.8765
-2.1342,53.4663
-75.641,40.1009
-72.6306,42.3306
-110.3607,31.5273
-75.1756,39.953
-97.822,37.751
-97.822,37.751
-96.9,33.0035
-73.4409,41.2094
-97.822,37.751
0.2219,52.4053
-73.2253,44.4929
-73.0652,41.5514
-97.822,37.751
-76.0192,36.9205
-73.9732,40.5961
-80.2059,26.2442
-80.1432,26.3084
-80.2656,26.2436
-95.6627,29.8327
-80.1711,26.1882
-81.1893,28.5887
-80.2444,26.0206
-97.822,37.751
-80.2794,25.9829
-71.1504,42.3189
-81.8559,41.1343
-80.2186,26.214
-97.822,37.751
-97.822,37.751
-82.3214,29.6433
-0.1224,51.4964
-98.4159,29.6409
-80.1323,25.8204
-97.0687,33.0294
-74.4637,40.5516
-97.822,37.751
-73.2317,41.3418
138.5986,-34.9287
-122.1026,37.8381
-80.1046,26.3818
-81.9899,27.802
-81.326,41.1352
-75.7044,39.6155
-71.1329,42.38
-97.822,37.751
-80.3256,26.113
-80.296,26.0252
-94.6074,31.6995
-87.7017,41.9206
-83.4852,42.2048
-73.8783,40.7354
-87.9306,41.8024
-86.8025,33.5207
-0.1,51.3833
-77.847,40.7849
-80.0664,26.5253
-71.2306,42.6105
-91.1546,30.4507
-82.4871,28.0771
-82.7689,28.0288
-74.0124,40.6166
-82.7283,27.7897
-84.2909,30.4494
-79.8441,35.652
-118.4143,34.0995
-82.4076,29.5731
-86.6813,30.7971
-77.1396,39.2351
-85.8896,38.9385
-97.822,37.751
-84.1331,39.7171
-73.9108,40.61
-72.6121,41.7448
-83.5154,33.9094
-84.2751,33.749
-83.8893,33.8042
-89.6252,40.5494
-118.3104,34.0762
-1.4833,53.55
115.8667,-31.95
-0.6401,53.5677
-99.5957,27.7479
-83.2296,33.0247
-82.091,33.386
-76.3452,37.0299
-96.8217,32.7787
-82.2464,34.8601
-105.0061,39.8663
-122.1134,47.6051
-83.2719,31.5678
144.9634,-37.8139
-73.9975,40.7308
-97.7465,30.2623
-71.1334,42.3221
-84.9082,34.7982
-97.822,37.751
-97.4937,27.6764
-82.222,33.4621
-115.183,36.1443
-88.054,42.0534
-77.1602,39.0032
-118.2923,33.7358
0.9209,51.9086
-157.9349,21.343
-120.1956,36.9127
-122.2721,47.2257
-76.8593,39.3406
-97.822,37.751
-117.0002,46.7324
-97.822,37.751
-84.4847,38.0159
-97.822,37.751
-97.822,37.751
-83.8063,39.9586
-86.4321,39.0836
-97.822,37.751
-89.5303,40.7225
-87.6517,41.8483
-97.0909,32.6206
-94.8042,39.7945
-73.9469,40.7111
-97.822,37.751
-87.8445,42.1197
-111.9713,41.2161
-87.6238,41.8849
-84.1243,33.8639
-89.6098,40.7578
-89.5749,40.7774
-89.2218,40.7936
-76.6854,39.1183
-90.1535,38.3119
-87.8219,42.7853
-118.212,33.9547
-87.9901,42.0152
-79.7648,40.5698
-85.1194,40.9797
-85.7884,41.5951
-86.6082,35.1547
-89.6252,40.5494
-70.8008,43.0677
-87.6517,41.8483
-89.8448,38.5421
-84.4569,39.162
-84.388,33.749
-97.822,37.751
-84.6266,38.999
-97.822,37.751
-97.822,37.751
-86.1275,40.0428
-117.9633,33.88
-97.822,37.751
-74.2986,40.2321
-97.822,37.751
-92.5279,44.0715
-81.3792,28.5383
-93.7842,41.5635
-85.6264,40.5099
-90.4773,41.487
-157.8727,21.3629
-73.9861,40.7168
-80.8431,35.2271
-97.654,35.4835
-93.6829,41.6014
-90.3469,38.5899
-97.822,37.751
-94.7029,38.9247
-90.4245,38.5776
-84.4891,39.2601
-94.709,39.0184
-90.3469,38.5899
-90.4539,38.6554
-97.822,37.751
-94.5933,39.1058
-97.822,37.751
-122.4959,45.4677
-72.4945,41.5573
-94.6377,38.9008
-86.0844,33.9292
-97.076,32.7575
-118.34,34.0488
-89.6252,40.5494
-97.2515,32.9342
-86.8771,34.8201
-111.0022,32.2686
-104.8672,38.9917
-95.3628,29.7702
-76.5368,39.3374
-72.6531,41.5497
-76.7447,39.2694
-121.2722,43.9817
-90.6666,38.5783
153.0004,-27.4982
-111.0022,32.2686
-70.7154,42.6179
-97.822,37.751
-75.1638,39.9523
-97.822,37.751
-84.5255,42.7422
-97.822,37.751
-87.4796,46.6288
-83.8562,42.2668
-85.2931,42.6318
-76.5776,39.1623
-2.279,53.3947
-84.1648,40.2839
-75.5446,38.351
-87.6635,41.9843
145.15,-37.7333
-4,55.7833
-97.822,37.751
-116.9179,46.7172
-71.184,42.2451
-74.3124,40.6224
-77.3341,38.8932
-85.1108,42.2979
-82.8,42.8446
-123.9078,43.7917
-97.1503,47.8719
-83.7113,42.3241
-93.4947,45.1234
-93.2881,44.925
-110.95,32.2338
-93.8397,45.1845
-92.5279,44.0715
-80.1257,26.1489
-91.1286,43.7982
-84.1243,33.8639
-92.4028,43.9589
-84.388,33.749
-97.822,37.751
-110.8785,32.2541
-92.3962,44.1278
-84.471,39.289
-97.822,37.751
-86.6098,36.1782
-80.8391,35.5023
-4.0684,55.8027
-90.3231,38.6657
-0.0955,51.5092
-115.2131,36.2143
-110.95,32.2476
-93.2617,44.9645
-97.3944,47.9335
-115.2791,36.1113
-122.1206,47.6801
-118.4136,34.0565
-72.391,41.4777
-86.7194,36.0679
-119.9028,39.4907
-82.9396,42.4119
-71.0592,42.3492
-118.244,34.0544
-92.6156,30.8109
-122.417,37.7794
-74.3969,40.5183
-79.7896,32.8696
-74.037,40.7639
-74.4781,40.8447
-103.8246,47.1606
-78.5008,42.9038
-78.842,42.9905
-78.7947,42.9762
-73.9906,40.6944
-111.9171,33.4357
-68.7327,45.036
0.0708,51.5597
-111.8319,33.4125
-96.8217,32.7787
-88.5305,44.1843
-80.768,35.589
-87.6517,41.8483
-5.9333,54.5833
-80.712,35.1063
-78.7239,35.7463
-81.3888,35.3945
-78.9244,35.8896
-98.1112,30.5632
-96.0467,41.2987
-81.6996,41.4452
-110.952,32.5462
76.7933,30.7343
-82.9743,39.9422
-73.2637,41.1412
-73.9503,40.7625
-86.2539,32.404
-0.2333,51.5
-118.3852,34.0523
-96.8217,32.7787
-97.6189,35.5423
-94.685,47.5036
-105.1396,40.524
-72.6542,41.9895
-122.9137,45.0161
-122.798,45.4049
-71.3928,41.8685
-97.7015,30.3298
-77.4826,38.2981
-80.1842,40.4998
-84.4792,39.0747
-86.7088,33.6495
-97.7431,30.2672
-71.5506,42.3458
-95.337,29.5447
-86.8378,36.0854
-118.244,34.0544
-80.292,27.2965
-99.5957,27.7479
-111.0022,32.2686
-97.4603,35.2523
-101.8922,35.2075
-121.3244,37.9753
-122.3715,47.6381
-77.0146,38.8933
-97.6437,30.366
80.2833,13.0833
-72.5571,41.9845
-98.461,29.3962
-97.8082,30.4998
-86.6801,33.4168
-97.6857,30.3042
-98.6161,29.5698
-97.4283,32.9083
-88.7932,33.4531
-78.4899,40.4171
-98.2568,26.4628
-97.9908,26.1595
-2.279,53.3947
-86.8652,33.2257
-98.4556,29.4821
-97.2645,31.5105
-78.3662,40.5172
-97.1313,32.5702
-101.8519,33.5903
-76.6122,39.2904
-96.8915,32.9478
-98.2045,26.1546
-97.8002,30.2058
-95.4593,29.9846
-97.5448,32.6423
-96.7715,32.8339
-96.5684,32.8916
-97.097,33.0146
-106.6417,32.3047
-98.3626,29.5157
-77.0325,38.8749
-77.0445,39.0409
-1.4833,53.7
-98.527,29.523
-73.9975,40.7308
-97.0687,33.0294
-93.9795,35.9543
-97.822,37.751
-95.6491,29.9156
-98.7246,29.4037
-89.4996,35.2199
-93.2638,44.98
-87.6238,41.8849
-111.9961,40.6974
-105.0061,39.8663
-97.822,37.751
-77.3936,38.9266
-76.199,36.7646
-76.7901,38.9924
-76.1468,36.8929
-75.9895,36.8571
-75.9895,36.8571
-78.5137,38.0329
-75.9895,36.8571
-75.1638,39.9523
-82.4511,36.3891
-77.0533,38.86
-76.0839,36.7849
-77.6083,37.4087
-121.2879,37.9595
-97.822,37.751
-122.281,47.4485
-122.2995,47.5839
-71.184,42.2451
-97.1503,47.8719
-122.3192,47.4465
-121.7397,47.8559
-82.5223,29.5526
-114.3153,43.5196
-122.2637,47.3909
-97.822,37.751
-122.281,47.4485
-122.2534,47.1278
-122.4092,47.2098
-0.1899,51.5274
-82.8766,39.9232
-0.3167,51.4333
-88.1168,44.5709
-88.1271,43.2358
-87.9928,42.9612
-73.2317,41.3418
-71.9554,41.5811
-71.8192,41.7202
-72.6531,41.5497
-87.9928,42.9612
-97.822,37.751
-0.0955,51.5092
-2.7333,53.45
0.0708,51.5597
-0.0955,51.5092
-3.4667,56.0833
-0.0955,51.5092
-2.2086,51.3189
-7.3333,55
-0.1224,51.4964
-97.822,37.751
-2,50.7167
-1.4,50.9
-5.9333,54.5833
-0.3333,51.2167
-4.348,55.8935
-1.75,53.7833
-73.2637,41.1412
-2.1342,53.4663
-2.4333,53.5833
-0.1333,51.4167
-5.9997,54.5786
-0.0955,51.5092
-2.1342,53.4663
-0.0955,51.5092
-1.85,52.1667
-1.4833,51.7833
-0.1224,51.4964
-2.2991,53.4926
-1.0667,50.7833
-1.7826,52.5019
-1.1463,52.6042
-1.0833,53.9667
-3.2,51.5
-2.1342,53.4663
-0.7823,52.0045
-6.5039,54.8694
-2.9436,53.1668
-3.7833,51.6
-3.2,51.5
-1.0441,52.9062
-2.1342,53.4663
-119.8371,34.4329
-97.822,37.751
-2.7333,52.7167
-2.4333,53.5833
-0.3333,53.7167
-2.3656,51.3794
0.0708,51.5597
0.4865,51.7212
-0.7881,51.4316
-122.3848,47.6847
-5.6689,54.6534
-1.0833,53.9667
-3.9709,51.6489
-1.1333,52.6333
-2.0042,51.4386
-1.6194,54.9881
-0.1224,51.4964
-2.1342,53.4663
-2.3183,51.2292
-2.7333,52.7167
-1.4833,51.2
-0.2701,51.3305
-1.2835,52.9891
-2.0833,51.9
-2.7167,53.7667
-0.1224,51.4964
-0.1,51.3833
-3.2,55.95
-4.4648,50.4645
-4.8333,50.5167
-0.1224,51.4964
-0.4,51.6667
-1.4168,54.8772
-3.5333,50.7
-0.0955,51.5092
-1.9378,52.4796
-0.0955,51.5092
-2.279,53.3947
-2.2194,52.2277
-1.9378,52.4796
-2.8,52.1833
-0.0955,51.5092
-3.4667,50.55
-0.1224,51.4964
-0.5667,53.2167
-1.5,53.3667
-2.7167,53.7667
-2.7997,54.0465
-0.3333,51.75
-0.2333,51.5
-2.612,51.4121
-1.1333,52.6333
-1.4667,52.4667
1.2807,52.6618
0.3833,52.75
-0.2167,53.15
-0.1224,51.4964
-1.1667,52.9667
-0.0955,51.5092
-3.2,51.5
-1.5167,54.9
-0.3333,51.5667
-111.7426,33.604
-2.4167,53.5333
-4.1386,50.3964
-3.95,56.1167
-2.6167,53.5333
-0.1224,51.4964
-0.25,52.5833
-0.0955,51.5092
-0.0955,51.5092
-4.0346,51.6253
0.0833,51.5333
-84.3366,33.7773
-0.3386,51.5834
0.1167,52.2
-1.5833,53.8
